{
  "project_info": {
    "project_number": "28130607827",
    "project_id": "login-82a0a",
    "storage_bucket": "login-82a0a.appspot.com"
  },
  "client": [
    {
      "client_info": {
        "mobilesdk_app_id": "1:28130607827:android:08098fb4c3521aee1c4a26",
        "android_client_info": {
          "package_name": "com.jyh.login"
        }
      },
      "oauth_client": [
        {
          "client_id": "28130607827-0cgvbr5hkh7vspl2ca7o8j2jtun813po.apps.googleusercontent.com",
          "client_type": 3
        }
      ],
      "api_key": [
        {
          "current_key": "AIzaSyCtx3PAlHiwUwPLTnFWQyVdyRBSv1gDyso"
        }
      ],
      "services": {
        "appinvite_service": {
          "other_platform_oauth_client": [
            {
              "client_id": "28130607827-0cgvbr5hkh7vspl2ca7o8j2jtun813po.apps.googleusercontent.com",
              "client_type": 3
            }
          ]
        }
      }
    }
  ],
  "configuration_version": "1"
}